unitid,Web_address
177834,www.atsu.edu/
180203,www.ancollege.edu/
222178,www.acu.edu/
497037,www.acu.edu/academics/online/undergraduate
138558,www.abac.edu/
488031,www.alu.edu/
172866,www.academycollege.edu/
451079,www.acupuncturist.edu/
497718,ajr.edu/
457271,www.ajrca.edu/
412173,www.anho.edu/
108232,www.academyart.edu/
108269,www.acchs.edu/
487658,lafayette.aie.edu/
384306,www.aimc.edu/
439969,www.amcollege.edu/
126182,www.adams.edu/
188429,www.adelphi.edu/
374024,www.alfredadler.edu/
142832,www.adler.edu/
